methodology,rating_source,source_reference,study_label,pmid,doi,methodology_version,domain,expert_rating,overall_rating,verified,added_by,added_at
cochrane_rob2,cochrane_review_pmid:38760392,Deng 2024 plyometric meta-analysis,16882633,16882633,,rob2-2019,deviations_from_interventions,low,high,0,rob2-backfill-2026-04-22,2026-04-21 14:00:40
cochrane_rob2,cochrane_review_pmid:38760392,Deng 2024 plyometric meta-analysis,16882633,16882633,,rob2-2019,missing_outcome_data,high,high,0,rob2-backfill-2026-04-22,2026-04-21 14:00:40
cochrane_rob2,cochrane_review_pmid:38760392,Deng 2024 plyometric meta-analysis,16882633,16882633,,rob2-2019,outcome_measurement,low,high,0,rob2-backfill-2026-04-22,2026-04-21 14:00:40
cochrane_rob2,cochrane_review_pmid:38760392,Deng 2024 plyometric meta-analysis,16882633,16882633,,rob2-2019,randomization,some_concerns,high,0,rob2-backfill-2026-04-22,2026-04-21 14:00:40
cochrane_rob2,cochrane_review_pmid:38760392,Deng 2024 plyometric meta-analysis,16882633,16882633,,rob2-2019,selection_of_reported_result,low,high,0,rob2-backfill-2026-04-22,2026-04-21 14:00:40
cochrane_rob2,cochrane_review_pmid:38760392,Deng 2024 plyometric meta-analysis,21878823,21878823,,rob2-2019,deviations_from_interventions,low,some_concerns,0,rob2-backfill-2026-04-22,2026-04-21 14:00:40
cochrane_rob2,cochrane_review_pmid:38760392,Deng 2024 plyometric meta-analysis,21878823,21878823,,rob2-2019,missing_outcome_data,low,some_concerns,0,rob2-backfill-2026-04-22,2026-04-21 14:00:40
cochrane_rob2,cochrane_review_pmid:38760392,Deng 2024 plyometric meta-analysis,21878823,21878823,,rob2-2019,outcome_measurement,low,some_concerns,0,rob2-backfill-2026-04-22,2026-04-21 14:00:40
cochrane_rob2,cochrane_review_pmid:38760392,Deng 2024 plyometric meta-analysis,21878823,21878823,,rob2-2019,randomization,some_concerns,some_concerns,0,rob2-backfill-2026-04-22,2026-04-21 14:00:40
cochrane_rob2,cochrane_review_pmid:38760392,Deng 2024 plyometric meta-analysis,21878823,21878823,,rob2-2019,selection_of_reported_result,low,some_concerns,0,rob2-backfill-2026-04-22,2026-04-21 14:00:40
cochrane_rob2,cochrane_review_pmid:38760392,Deng 2024 plyometric meta-analysis,23669821,23669821,,rob2-2019,deviations_from_interventions,low,some_concerns,0,rob2-backfill-2026-04-22,2026-04-21 14:00:40
cochrane_rob2,cochrane_review_pmid:38760392,Deng 2024 plyometric meta-analysis,23669821,23669821,,rob2-2019,missing_outcome_data,low,some_concerns,0,rob2-backfill-2026-04-22,2026-04-21 14:00:40
cochrane_rob2,cochrane_review_pmid:38760392,Deng 2024 plyometric meta-analysis,23669821,23669821,,rob2-2019,outcome_measurement,low,some_concerns,0,rob2-backfill-2026-04-22,2026-04-21 14:00:40
cochrane_rob2,cochrane_review_pmid:38760392,Deng 2024 plyometric meta-analysis,23669821,23669821,,rob2-2019,randomization,some_concerns,some_concerns,0,rob2-backfill-2026-04-22,2026-04-21 14:00:40
cochrane_rob2,cochrane_review_pmid:38760392,Deng 2024 plyometric meta-analysis,23669821,23669821,,rob2-2019,selection_of_reported_result,some_concerns,some_concerns,0,rob2-backfill-2026-04-22,2026-04-21 14:00:40
cochrane_rob2,cochrane_review_pmid:38760392,Deng 2024 plyometric meta-analysis,24149486,24149486,,rob2-2019,deviations_from_interventions,low,some_concerns,0,rob2-backfill-2026-04-22,2026-04-21 14:00:40
cochrane_rob2,cochrane_review_pmid:38760392,Deng 2024 plyometric meta-analysis,24149486,24149486,,rob2-2019,missing_outcome_data,some_concerns,some_concerns,0,rob2-backfill-2026-04-22,2026-04-21 14:00:40
cochrane_rob2,cochrane_review_pmid:38760392,Deng 2024 plyometric meta-analysis,24149486,24149486,,rob2-2019,outcome_measurement,low,some_concerns,0,rob2-backfill-2026-04-22,2026-04-21 14:00:40
cochrane_rob2,cochrane_review_pmid:38760392,Deng 2024 plyometric meta-analysis,24149486,24149486,,rob2-2019,randomization,some_concerns,some_concerns,0,rob2-backfill-2026-04-22,2026-04-21 14:00:40
cochrane_rob2,cochrane_review_pmid:38760392,Deng 2024 plyometric meta-analysis,24149486,24149486,,rob2-2019,selection_of_reported_result,low,some_concerns,0,rob2-backfill-2026-04-22,2026-04-21 14:00:40
cochrane_rob2,cochrane_review_pmid:38760392,Deng 2024 plyometric meta-analysis,25978688,25978688,,rob2-2019,deviations_from_interventions,low,high,0,rob2-backfill-2026-04-22,2026-04-21 14:00:40
cochrane_rob2,cochrane_review_pmid:38760392,Deng 2024 plyometric meta-analysis,25978688,25978688,,rob2-2019,missing_outcome_data,high,high,0,rob2-backfill-2026-04-22,2026-04-21 14:00:40
cochrane_rob2,cochrane_review_pmid:38760392,Deng 2024 plyometric meta-analysis,25978688,25978688,,rob2-2019,outcome_measurement,low,high,0,rob2-backfill-2026-04-22,2026-04-21 14:00:40
cochrane_rob2,cochrane_review_pmid:38760392,Deng 2024 plyometric meta-analysis,25978688,25978688,,rob2-2019,randomization,some_concerns,high,0,rob2-backfill-2026-04-22,2026-04-21 14:00:40
cochrane_rob2,cochrane_review_pmid:38760392,Deng 2024 plyometric meta-analysis,25978688,25978688,,rob2-2019,selection_of_reported_result,low,high,0,rob2-backfill-2026-04-22,2026-04-21 14:00:40
cochrane_rob2,cochrane_review_pmid:38760392,Deng 2024 plyometric meta-analysis,26701117,26701117,,rob2-2019,deviations_from_interventions,low,high,0,rob2-backfill-2026-04-22,2026-04-21 14:00:40
cochrane_rob2,cochrane_review_pmid:38760392,Deng 2024 plyometric meta-analysis,26701117,26701117,,rob2-2019,missing_outcome_data,high,high,0,rob2-backfill-2026-04-22,2026-04-21 14:00:40
cochrane_rob2,cochrane_review_pmid:38760392,Deng 2024 plyometric meta-analysis,26701117,26701117,,rob2-2019,outcome_measurement,low,high,0,rob2-backfill-2026-04-22,2026-04-21 14:00:40
cochrane_rob2,cochrane_review_pmid:38760392,Deng 2024 plyometric meta-analysis,26701117,26701117,,rob2-2019,randomization,some_concerns,high,0,rob2-backfill-2026-04-22,2026-04-21 14:00:40
cochrane_rob2,cochrane_review_pmid:38760392,Deng 2024 plyometric meta-analysis,26701117,26701117,,rob2-2019,selection_of_reported_result,low,high,0,rob2-backfill-2026-04-22,2026-04-21 14:00:40
cochrane_rob2,cochrane_review_pmid:38760392,Deng 2024 plyometric meta-analysis,27787471,27787471,,rob2-2019,deviations_from_interventions,low,some_concerns,0,rob2-backfill-2026-04-22,2026-04-21 14:00:40
cochrane_rob2,cochrane_review_pmid:38760392,Deng 2024 plyometric meta-analysis,27787471,27787471,,rob2-2019,missing_outcome_data,low,some_concerns,0,rob2-backfill-2026-04-22,2026-04-21 14:00:40
cochrane_rob2,cochrane_review_pmid:38760392,Deng 2024 plyometric meta-analysis,27787471,27787471,,rob2-2019,outcome_measurement,low,some_concerns,0,rob2-backfill-2026-04-22,2026-04-21 14:00:40
cochrane_rob2,cochrane_review_pmid:38760392,Deng 2024 plyometric meta-analysis,27787471,27787471,,rob2-2019,randomization,some_concerns,some_concerns,0,rob2-backfill-2026-04-22,2026-04-21 14:00:40
cochrane_rob2,cochrane_review_pmid:38760392,Deng 2024 plyometric meta-analysis,27787471,27787471,,rob2-2019,selection_of_reported_result,low,some_concerns,0,rob2-backfill-2026-04-22,2026-04-21 14:00:40
cochrane_rob2,cochrane_review_pmid:38760392,Deng 2024 plyometric meta-analysis,27998241,27998241,,rob2-2019,deviations_from_interventions,low,high,0,rob2-backfill-2026-04-22,2026-04-21 14:00:40
cochrane_rob2,cochrane_review_pmid:38760392,Deng 2024 plyometric meta-analysis,27998241,27998241,,rob2-2019,missing_outcome_data,high,high,0,rob2-backfill-2026-04-22,2026-04-21 14:00:40
cochrane_rob2,cochrane_review_pmid:38760392,Deng 2024 plyometric meta-analysis,27998241,27998241,,rob2-2019,outcome_measurement,low,high,0,rob2-backfill-2026-04-22,2026-04-21 14:00:40
cochrane_rob2,cochrane_review_pmid:38760392,Deng 2024 plyometric meta-analysis,27998241,27998241,,rob2-2019,randomization,low,high,0,rob2-backfill-2026-04-22,2026-04-21 14:00:40
cochrane_rob2,cochrane_review_pmid:38760392,Deng 2024 plyometric meta-analysis,27998241,27998241,,rob2-2019,selection_of_reported_result,low,high,0,rob2-backfill-2026-04-22,2026-04-21 14:00:40
cochrane_rob2,cochrane_review_pmid:38760392,Deng 2024 plyometric meta-analysis,32841300,32841300,,rob2-2019,deviations_from_interventions,low,high,0,rob2-backfill-2026-04-22,2026-04-21 14:00:40
cochrane_rob2,cochrane_review_pmid:38760392,Deng 2024 plyometric meta-analysis,32841300,32841300,,rob2-2019,missing_outcome_data,high,high,0,rob2-backfill-2026-04-22,2026-04-21 14:00:40
cochrane_rob2,cochrane_review_pmid:38760392,Deng 2024 plyometric meta-analysis,32841300,32841300,,rob2-2019,outcome_measurement,low,high,0,rob2-backfill-2026-04-22,2026-04-21 14:00:40
cochrane_rob2,cochrane_review_pmid:38760392,Deng 2024 plyometric meta-analysis,32841300,32841300,,rob2-2019,randomization,low,high,0,rob2-backfill-2026-04-22,2026-04-21 14:00:40
cochrane_rob2,cochrane_review_pmid:38760392,Deng 2024 plyometric meta-analysis,32841300,32841300,,rob2-2019,selection_of_reported_result,low,high,0,rob2-backfill-2026-04-22,2026-04-21 14:00:40
cochrane_rob2,cochrane_review_pmid:38760392,Deng 2024 plyometric meta-analysis,34059568,34059568,,rob2-2019,deviations_from_interventions,low,some_concerns,0,rob2-backfill-2026-04-22,2026-04-21 14:00:40
cochrane_rob2,cochrane_review_pmid:38760392,Deng 2024 plyometric meta-analysis,34059568,34059568,,rob2-2019,missing_outcome_data,low,some_concerns,0,rob2-backfill-2026-04-22,2026-04-21 14:00:40
cochrane_rob2,cochrane_review_pmid:38760392,Deng 2024 plyometric meta-analysis,34059568,34059568,,rob2-2019,outcome_measurement,low,some_concerns,0,rob2-backfill-2026-04-22,2026-04-21 14:00:40
cochrane_rob2,cochrane_review_pmid:38760392,Deng 2024 plyometric meta-analysis,34059568,34059568,,rob2-2019,randomization,some_concerns,some_concerns,0,rob2-backfill-2026-04-22,2026-04-21 14:00:40
cochrane_rob2,cochrane_review_pmid:38760392,Deng 2024 plyometric meta-analysis,34059568,34059568,,rob2-2019,selection_of_reported_result,low,some_concerns,0,rob2-backfill-2026-04-22,2026-04-21 14:00:40
cochrane_rob2,cochrane_review_pmid:38760392,Deng 2024 plyometric meta-analysis,35719236,35719236,,rob2-2019,deviations_from_interventions,low,low,0,rob2-backfill-2026-04-22,2026-04-21 14:00:40
cochrane_rob2,cochrane_review_pmid:38760392,Deng 2024 plyometric meta-analysis,35719236,35719236,,rob2-2019,missing_outcome_data,low,low,0,rob2-backfill-2026-04-22,2026-04-21 14:00:40
cochrane_rob2,cochrane_review_pmid:38760392,Deng 2024 plyometric meta-analysis,35719236,35719236,,rob2-2019,outcome_measurement,low,low,0,rob2-backfill-2026-04-22,2026-04-21 14:00:40
cochrane_rob2,cochrane_review_pmid:38760392,Deng 2024 plyometric meta-analysis,35719236,35719236,,rob2-2019,randomization,low,low,0,rob2-backfill-2026-04-22,2026-04-21 14:00:40
cochrane_rob2,cochrane_review_pmid:38760392,Deng 2024 plyometric meta-analysis,35719236,35719236,,rob2-2019,selection_of_reported_result,low,low,0,rob2-backfill-2026-04-22,2026-04-21 14:00:40
cochrane_rob2,cochrane_review_pmid:38760392,Deng 2024 plyometric meta-analysis,36101416,36101416,,rob2-2019,deviations_from_interventions,low,some_concerns,0,rob2-backfill-2026-04-22,2026-04-21 14:00:40
cochrane_rob2,cochrane_review_pmid:38760392,Deng 2024 plyometric meta-analysis,36101416,36101416,,rob2-2019,missing_outcome_data,low,some_concerns,0,rob2-backfill-2026-04-22,2026-04-21 14:00:40
cochrane_rob2,cochrane_review_pmid:38760392,Deng 2024 plyometric meta-analysis,36101416,36101416,,rob2-2019,outcome_measurement,low,some_concerns,0,rob2-backfill-2026-04-22,2026-04-21 14:00:40
cochrane_rob2,cochrane_review_pmid:38760392,Deng 2024 plyometric meta-analysis,36101416,36101416,,rob2-2019,randomization,some_concerns,some_concerns,0,rob2-backfill-2026-04-22,2026-04-21 14:00:40
cochrane_rob2,cochrane_review_pmid:38760392,Deng 2024 plyometric meta-analysis,36101416,36101416,,rob2-2019,selection_of_reported_result,low,some_concerns,0,rob2-backfill-2026-04-22,2026-04-21 14:00:40
quadas_2,jcm-15-01829,Salivary Glucose Testing for Diabetes Mellitus: A Systematic Review and Meta-Analysis of Current Evidence and Methodological Heterogeneity,Choudhry (2022),35405049,10.2478/rjim-2022-0005,quadas2-2011,flow_and_timing,low,low,0,quadas2-extract-2026-04-21,2026-04-21 06:57:26
quadas_2,jcm-15-01829,Salivary Glucose Testing for Diabetes Mellitus: A Systematic Review and Meta-Analysis of Current Evidence and Methodological Heterogeneity,Choudhry (2022),35405049,10.2478/rjim-2022-0005,quadas2-2011,index_test,low,low,0,quadas2-extract-2026-04-21,2026-04-21 06:57:26
quadas_2,jcm-15-01829,Salivary Glucose Testing for Diabetes Mellitus: A Systematic Review and Meta-Analysis of Current Evidence and Methodological Heterogeneity,Choudhry (2022),35405049,10.2478/rjim-2022-0005,quadas2-2011,patient_selection,low,low,0,quadas2-extract-2026-04-21,2026-04-21 06:57:26
quadas_2,jcm-15-01829,Salivary Glucose Testing for Diabetes Mellitus: A Systematic Review and Meta-Analysis of Current Evidence and Methodological Heterogeneity,Choudhry (2022),35405049,10.2478/rjim-2022-0005,quadas2-2011,reference_standard,low,low,0,quadas2-extract-2026-04-21,2026-04-21 06:57:26
quadas_2,jcm-15-01829,Salivary Glucose Testing for Diabetes Mellitus: A Systematic Review and Meta-Analysis of Current Evidence and Methodological Heterogeneity,Cui (2022),35409805,10.3390/ijerph19074122,quadas2-2011,flow_and_timing,low,low,0,quadas2-extract-2026-04-21,2026-04-21 06:57:26
quadas_2,jcm-15-01829,Salivary Glucose Testing for Diabetes Mellitus: A Systematic Review and Meta-Analysis of Current Evidence and Methodological Heterogeneity,Cui (2022),35409805,10.3390/ijerph19074122,quadas2-2011,index_test,low,low,0,quadas2-extract-2026-04-21,2026-04-21 06:57:26
quadas_2,jcm-15-01829,Salivary Glucose Testing for Diabetes Mellitus: A Systematic Review and Meta-Analysis of Current Evidence and Methodological Heterogeneity,Cui (2022),35409805,10.3390/ijerph19074122,quadas2-2011,patient_selection,low,low,0,quadas2-extract-2026-04-21,2026-04-21 06:57:26
quadas_2,jcm-15-01829,Salivary Glucose Testing for Diabetes Mellitus: A Systematic Review and Meta-Analysis of Current Evidence and Methodological Heterogeneity,Cui (2022),35409805,10.3390/ijerph19074122,quadas2-2011,reference_standard,low,low,0,quadas2-extract-2026-04-21,2026-04-21 06:57:26
quadas_2,jcm-15-01829,Salivary Glucose Testing for Diabetes Mellitus: A Systematic Review and Meta-Analysis of Current Evidence and Methodological Heterogeneity,Dhanya (2016),27251965,10.4103/1119-3077.183314,quadas2-2011,flow_and_timing,low,low,0,quadas2-extract-2026-04-21,2026-04-21 06:57:26
quadas_2,jcm-15-01829,Salivary Glucose Testing for Diabetes Mellitus: A Systematic Review and Meta-Analysis of Current Evidence and Methodological Heterogeneity,Dhanya (2016),27251965,10.4103/1119-3077.183314,quadas2-2011,index_test,low,low,0,quadas2-extract-2026-04-21,2026-04-21 06:57:26
quadas_2,jcm-15-01829,Salivary Glucose Testing for Diabetes Mellitus: A Systematic Review and Meta-Analysis of Current Evidence and Methodological Heterogeneity,Dhanya (2016),27251965,10.4103/1119-3077.183314,quadas2-2011,patient_selection,low,low,0,quadas2-extract-2026-04-21,2026-04-21 06:57:26
quadas_2,jcm-15-01829,Salivary Glucose Testing for Diabetes Mellitus: A Systematic Review and Meta-Analysis of Current Evidence and Methodological Heterogeneity,Dhanya (2016),27251965,10.4103/1119-3077.183314,quadas2-2011,reference_standard,low,low,0,quadas2-extract-2026-04-21,2026-04-21 06:57:26
quadas_2,jcm-15-01829,Salivary Glucose Testing for Diabetes Mellitus: A Systematic Review and Meta-Analysis of Current Evidence and Methodological Heterogeneity,Egboh (2022)—Combined,36518417,10.1016/j.toxrep.2022.05.022,quadas2-2011,flow_and_timing,low,low,0,quadas2-extract-2026-04-21,2026-04-21 06:57:26
quadas_2,jcm-15-01829,Salivary Glucose Testing for Diabetes Mellitus: A Systematic Review and Meta-Analysis of Current Evidence and Methodological Heterogeneity,Egboh (2022)—Combined,36518417,10.1016/j.toxrep.2022.05.022,quadas2-2011,index_test,low,low,0,quadas2-extract-2026-04-21,2026-04-21 06:57:26
quadas_2,jcm-15-01829,Salivary Glucose Testing for Diabetes Mellitus: A Systematic Review and Meta-Analysis of Current Evidence and Methodological Heterogeneity,Egboh (2022)—Combined,36518417,10.1016/j.toxrep.2022.05.022,quadas2-2011,patient_selection,low,low,0,quadas2-extract-2026-04-21,2026-04-21 06:57:26
quadas_2,jcm-15-01829,Salivary Glucose Testing for Diabetes Mellitus: A Systematic Review and Meta-Analysis of Current Evidence and Methodological Heterogeneity,Egboh (2022)—Combined,36518417,10.1016/j.toxrep.2022.05.022,quadas2-2011,reference_standard,low,low,0,quadas2-extract-2026-04-21,2026-04-21 06:57:26
quadas_2,jcm-15-01829,Salivary Glucose Testing for Diabetes Mellitus: A Systematic Review and Meta-Analysis of Current Evidence and Methodological Heterogeneity,Egboh (2022)—Female,36518417,10.1016/j.toxrep.2022.05.022,quadas2-2011,flow_and_timing,low,low,0,quadas2-extract-2026-04-21,2026-04-21 06:57:26
quadas_2,jcm-15-01829,Salivary Glucose Testing for Diabetes Mellitus: A Systematic Review and Meta-Analysis of Current Evidence and Methodological Heterogeneity,Egboh (2022)—Female,36518417,10.1016/j.toxrep.2022.05.022,quadas2-2011,index_test,low,low,0,quadas2-extract-2026-04-21,2026-04-21 06:57:26
quadas_2,jcm-15-01829,Salivary Glucose Testing for Diabetes Mellitus: A Systematic Review and Meta-Analysis of Current Evidence and Methodological Heterogeneity,Egboh (2022)—Female,36518417,10.1016/j.toxrep.2022.05.022,quadas2-2011,patient_selection,low,low,0,quadas2-extract-2026-04-21,2026-04-21 06:57:26
quadas_2,jcm-15-01829,Salivary Glucose Testing for Diabetes Mellitus: A Systematic Review and Meta-Analysis of Current Evidence and Methodological Heterogeneity,Egboh (2022)—Female,36518417,10.1016/j.toxrep.2022.05.022,quadas2-2011,reference_standard,low,low,0,quadas2-extract-2026-04-21,2026-04-21 06:57:26
quadas_2,jcm-15-01829,Salivary Glucose Testing for Diabetes Mellitus: A Systematic Review and Meta-Analysis of Current Evidence and Methodological Heterogeneity,Egboh (2022)—Male,36518417,10.1016/j.toxrep.2022.05.022,quadas2-2011,flow_and_timing,low,low,0,quadas2-extract-2026-04-21,2026-04-21 06:57:26
quadas_2,jcm-15-01829,Salivary Glucose Testing for Diabetes Mellitus: A Systematic Review and Meta-Analysis of Current Evidence and Methodological Heterogeneity,Egboh (2022)—Male,36518417,10.1016/j.toxrep.2022.05.022,quadas2-2011,index_test,low,low,0,quadas2-extract-2026-04-21,2026-04-21 06:57:26
quadas_2,jcm-15-01829,Salivary Glucose Testing for Diabetes Mellitus: A Systematic Review and Meta-Analysis of Current Evidence and Methodological Heterogeneity,Egboh (2022)—Male,36518417,10.1016/j.toxrep.2022.05.022,quadas2-2011,patient_selection,low,low,0,quadas2-extract-2026-04-21,2026-04-21 06:57:26
quadas_2,jcm-15-01829,Salivary Glucose Testing for Diabetes Mellitus: A Systematic Review and Meta-Analysis of Current Evidence and Methodological Heterogeneity,Egboh (2022)—Male,36518417,10.1016/j.toxrep.2022.05.022,quadas2-2011,reference_standard,low,low,0,quadas2-extract-2026-04-21,2026-04-21 06:57:26
quadas_2,jcm-15-01829,Salivary Glucose Testing for Diabetes Mellitus: A Systematic Review and Meta-Analysis of Current Evidence and Methodological Heterogeneity,Ephraim (2019),30886931,10.1016/j.heliyon.2019.e01286,quadas2-2011,flow_and_timing,low,low,0,quadas2-extract-2026-04-21,2026-04-21 06:57:26
quadas_2,jcm-15-01829,Salivary Glucose Testing for Diabetes Mellitus: A Systematic Review and Meta-Analysis of Current Evidence and Methodological Heterogeneity,Ephraim (2019),30886931,10.1016/j.heliyon.2019.e01286,quadas2-2011,index_test,low,low,0,quadas2-extract-2026-04-21,2026-04-21 06:57:26
quadas_2,jcm-15-01829,Salivary Glucose Testing for Diabetes Mellitus: A Systematic Review and Meta-Analysis of Current Evidence and Methodological Heterogeneity,Ephraim (2019),30886931,10.1016/j.heliyon.2019.e01286,quadas2-2011,patient_selection,low,low,0,quadas2-extract-2026-04-21,2026-04-21 06:57:26
quadas_2,jcm-15-01829,Salivary Glucose Testing for Diabetes Mellitus: A Systematic Review and Meta-Analysis of Current Evidence and Methodological Heterogeneity,Ephraim (2019),30886931,10.1016/j.heliyon.2019.e01286,quadas2-2011,reference_standard,low,low,0,quadas2-extract-2026-04-21,2026-04-21 06:57:26
quadas_2,jcm-15-01829,Salivary Glucose Testing for Diabetes Mellitus: A Systematic Review and Meta-Analysis of Current Evidence and Methodological Heterogeneity,Forbat (1981),7288781,10.1177/014107688107401004,quadas2-2011,flow_and_timing,high,high,0,quadas2-extract-2026-04-21,2026-04-21 06:57:26
quadas_2,jcm-15-01829,Salivary Glucose Testing for Diabetes Mellitus: A Systematic Review and Meta-Analysis of Current Evidence and Methodological Heterogeneity,Forbat (1981),7288781,10.1177/014107688107401004,quadas2-2011,index_test,unclear,high,0,quadas2-extract-2026-04-21,2026-04-21 06:57:26
quadas_2,jcm-15-01829,Salivary Glucose Testing for Diabetes Mellitus: A Systematic Review and Meta-Analysis of Current Evidence and Methodological Heterogeneity,Forbat (1981),7288781,10.1177/014107688107401004,quadas2-2011,patient_selection,high,high,0,quadas2-extract-2026-04-21,2026-04-21 06:57:26
quadas_2,jcm-15-01829,Salivary Glucose Testing for Diabetes Mellitus: A Systematic Review and Meta-Analysis of Current Evidence and Methodological Heterogeneity,Forbat (1981),7288781,10.1177/014107688107401004,quadas2-2011,reference_standard,low,high,0,quadas2-extract-2026-04-21,2026-04-21 06:57:26
quadas_2,jcm-15-01829,Salivary Glucose Testing for Diabetes Mellitus: A Systematic Review and Meta-Analysis of Current Evidence and Methodological Heterogeneity,Ganesan (2022),36110787,10.4103/jpbs.jpbs_666_21,quadas2-2011,flow_and_timing,low,low,0,quadas2-extract-2026-04-21,2026-04-21 06:57:26
quadas_2,jcm-15-01829,Salivary Glucose Testing for Diabetes Mellitus: A Systematic Review and Meta-Analysis of Current Evidence and Methodological Heterogeneity,Ganesan (2022),36110787,10.4103/jpbs.jpbs_666_21,quadas2-2011,index_test,low,low,0,quadas2-extract-2026-04-21,2026-04-21 06:57:26
quadas_2,jcm-15-01829,Salivary Glucose Testing for Diabetes Mellitus: A Systematic Review and Meta-Analysis of Current Evidence and Methodological Heterogeneity,Ganesan (2022),36110787,10.4103/jpbs.jpbs_666_21,quadas2-2011,patient_selection,low,low,0,quadas2-extract-2026-04-21,2026-04-21 06:57:26
quadas_2,jcm-15-01829,Salivary Glucose Testing for Diabetes Mellitus: A Systematic Review and Meta-Analysis of Current Evidence and Methodological Heterogeneity,Ganesan (2022),36110787,10.4103/jpbs.jpbs_666_21,quadas2-2011,reference_standard,low,low,0,quadas2-extract-2026-04-21,2026-04-21 06:57:26
quadas_2,jcm-15-01829,Salivary Glucose Testing for Diabetes Mellitus: A Systematic Review and Meta-Analysis of Current Evidence and Methodological Heterogeneity,Gupta (2015),26155553,10.7860/JCDR/2015/12398.5994,quadas2-2011,flow_and_timing,low,low,0,quadas2-extract-2026-04-21,2026-04-21 06:57:26
quadas_2,jcm-15-01829,Salivary Glucose Testing for Diabetes Mellitus: A Systematic Review and Meta-Analysis of Current Evidence and Methodological Heterogeneity,Gupta (2015),26155553,10.7860/JCDR/2015/12398.5994,quadas2-2011,index_test,low,low,0,quadas2-extract-2026-04-21,2026-04-21 06:57:26
quadas_2,jcm-15-01829,Salivary Glucose Testing for Diabetes Mellitus: A Systematic Review and Meta-Analysis of Current Evidence and Methodological Heterogeneity,Gupta (2015),26155553,10.7860/JCDR/2015/12398.5994,quadas2-2011,patient_selection,low,low,0,quadas2-extract-2026-04-21,2026-04-21 06:57:26
quadas_2,jcm-15-01829,Salivary Glucose Testing for Diabetes Mellitus: A Systematic Review and Meta-Analysis of Current Evidence and Methodological Heterogeneity,Gupta (2015),26155553,10.7860/JCDR/2015/12398.5994,quadas2-2011,reference_standard,low,low,0,quadas2-extract-2026-04-21,2026-04-21 06:57:26
quadas_2,jcm-15-01829,Salivary Glucose Testing for Diabetes Mellitus: A Systematic Review and Meta-Analysis of Current Evidence and Methodological Heterogeneity,Kadashetti (2015)—BG > 200 mg/dL,26710500,10.1515/rjim-2015-0032,quadas2-2011,flow_and_timing,low,low,0,quadas2-extract-2026-04-21,2026-04-21 06:57:26
quadas_2,jcm-15-01829,Salivary Glucose Testing for Diabetes Mellitus: A Systematic Review and Meta-Analysis of Current Evidence and Methodological Heterogeneity,Kadashetti (2015)—BG > 200 mg/dL,26710500,10.1515/rjim-2015-0032,quadas2-2011,index_test,low,low,0,quadas2-extract-2026-04-21,2026-04-21 06:57:26
quadas_2,jcm-15-01829,Salivary Glucose Testing for Diabetes Mellitus: A Systematic Review and Meta-Analysis of Current Evidence and Methodological Heterogeneity,Kadashetti (2015)—BG > 200 mg/dL,26710500,10.1515/rjim-2015-0032,quadas2-2011,patient_selection,low,low,0,quadas2-extract-2026-04-21,2026-04-21 06:57:26
quadas_2,jcm-15-01829,Salivary Glucose Testing for Diabetes Mellitus: A Systematic Review and Meta-Analysis of Current Evidence and Methodological Heterogeneity,Kadashetti (2015)—BG > 200 mg/dL,26710500,10.1515/rjim-2015-0032,quadas2-2011,reference_standard,low,low,0,quadas2-extract-2026-04-21,2026-04-21 06:57:26
quadas_2,jcm-15-01829,Salivary Glucose Testing for Diabetes Mellitus: A Systematic Review and Meta-Analysis of Current Evidence and Methodological Heterogeneity,Kadashetti (2015)—BG: 130–200 mg/dL,26710500,10.1515/rjim-2015-0032,quadas2-2011,flow_and_timing,low,low,0,quadas2-extract-2026-04-21,2026-04-21 06:57:26
quadas_2,jcm-15-01829,Salivary Glucose Testing for Diabetes Mellitus: A Systematic Review and Meta-Analysis of Current Evidence and Methodological Heterogeneity,Kadashetti (2015)—BG: 130–200 mg/dL,26710500,10.1515/rjim-2015-0032,quadas2-2011,index_test,low,low,0,quadas2-extract-2026-04-21,2026-04-21 06:57:26
quadas_2,jcm-15-01829,Salivary Glucose Testing for Diabetes Mellitus: A Systematic Review and Meta-Analysis of Current Evidence and Methodological Heterogeneity,Kadashetti (2015)—BG: 130–200 mg/dL,26710500,10.1515/rjim-2015-0032,quadas2-2011,patient_selection,low,low,0,quadas2-extract-2026-04-21,2026-04-21 06:57:26
quadas_2,jcm-15-01829,Salivary Glucose Testing for Diabetes Mellitus: A Systematic Review and Meta-Analysis of Current Evidence and Methodological Heterogeneity,Kadashetti (2015)—BG: 130–200 mg/dL,26710500,10.1515/rjim-2015-0032,quadas2-2011,reference_standard,low,low,0,quadas2-extract-2026-04-21,2026-04-21 06:57:26
quadas_2,jcm-15-01829,Salivary Glucose Testing for Diabetes Mellitus: A Systematic Review and Meta-Analysis of Current Evidence and Methodological Heterogeneity,Kadashetti (2015)—Overall,26710500,10.1515/rjim-2015-0032,quadas2-2011,flow_and_timing,low,low,0,quadas2-extract-2026-04-21,2026-04-21 06:57:26
quadas_2,jcm-15-01829,Salivary Glucose Testing for Diabetes Mellitus: A Systematic Review and Meta-Analysis of Current Evidence and Methodological Heterogeneity,Kadashetti (2015)—Overall,26710500,10.1515/rjim-2015-0032,quadas2-2011,index_test,low,low,0,quadas2-extract-2026-04-21,2026-04-21 06:57:26
quadas_2,jcm-15-01829,Salivary Glucose Testing for Diabetes Mellitus: A Systematic Review and Meta-Analysis of Current Evidence and Methodological Heterogeneity,Kadashetti (2015)—Overall,26710500,10.1515/rjim-2015-0032,quadas2-2011,patient_selection,low,low,0,quadas2-extract-2026-04-21,2026-04-21 06:57:26
quadas_2,jcm-15-01829,Salivary Glucose Testing for Diabetes Mellitus: A Systematic Review and Meta-Analysis of Current Evidence and Methodological Heterogeneity,Kadashetti (2015)—Overall,26710500,10.1515/rjim-2015-0032,quadas2-2011,reference_standard,low,low,0,quadas2-extract-2026-04-21,2026-04-21 06:57:26
quadas_2,jcm-15-01829,Salivary Glucose Testing for Diabetes Mellitus: A Systematic Review and Meta-Analysis of Current Evidence and Methodological Heterogeneity,Mrag (2020),33033445,10.2478/jomb-2019-0019,quadas2-2011,flow_and_timing,low,low,0,quadas2-extract-2026-04-21,2026-04-21 06:57:26
quadas_2,jcm-15-01829,Salivary Glucose Testing for Diabetes Mellitus: A Systematic Review and Meta-Analysis of Current Evidence and Methodological Heterogeneity,Mrag (2020),33033445,10.2478/jomb-2019-0019,quadas2-2011,index_test,low,low,0,quadas2-extract-2026-04-21,2026-04-21 06:57:26
quadas_2,jcm-15-01829,Salivary Glucose Testing for Diabetes Mellitus: A Systematic Review and Meta-Analysis of Current Evidence and Methodological Heterogeneity,Mrag (2020),33033445,10.2478/jomb-2019-0019,quadas2-2011,patient_selection,low,low,0,quadas2-extract-2026-04-21,2026-04-21 06:57:26
quadas_2,jcm-15-01829,Salivary Glucose Testing for Diabetes Mellitus: A Systematic Review and Meta-Analysis of Current Evidence and Methodological Heterogeneity,Mrag (2020),33033445,10.2478/jomb-2019-0019,quadas2-2011,reference_standard,low,low,0,quadas2-extract-2026-04-21,2026-04-21 06:57:26
quadas_2,jcm-15-01829,Salivary Glucose Testing for Diabetes Mellitus: A Systematic Review and Meta-Analysis of Current Evidence and Methodological Heterogeneity,Mussavira (2015),25790543,10.3906/sag-1306-116,quadas2-2011,flow_and_timing,low,low,0,quadas2-extract-2026-04-21,2026-04-21 06:57:26
quadas_2,jcm-15-01829,Salivary Glucose Testing for Diabetes Mellitus: A Systematic Review and Meta-Analysis of Current Evidence and Methodological Heterogeneity,Mussavira (2015),25790543,10.3906/sag-1306-116,quadas2-2011,index_test,low,low,0,quadas2-extract-2026-04-21,2026-04-21 06:57:26
quadas_2,jcm-15-01829,Salivary Glucose Testing for Diabetes Mellitus: A Systematic Review and Meta-Analysis of Current Evidence and Methodological Heterogeneity,Mussavira (2015),25790543,10.3906/sag-1306-116,quadas2-2011,patient_selection,low,low,0,quadas2-extract-2026-04-21,2026-04-21 06:57:26
quadas_2,jcm-15-01829,Salivary Glucose Testing for Diabetes Mellitus: A Systematic Review and Meta-Analysis of Current Evidence and Methodological Heterogeneity,Mussavira (2015),25790543,10.3906/sag-1306-116,quadas2-2011,reference_standard,low,low,0,quadas2-extract-2026-04-21,2026-04-21 06:57:26
quadas_2,jcm-15-01829,Salivary Glucose Testing for Diabetes Mellitus: A Systematic Review and Meta-Analysis of Current Evidence and Methodological Heterogeneity,Panda (2012),22923999,10.2147/DMSO.S32112,quadas2-2011,flow_and_timing,low,low,0,quadas2-extract-2026-04-21,2026-04-21 06:57:26
quadas_2,jcm-15-01829,Salivary Glucose Testing for Diabetes Mellitus: A Systematic Review and Meta-Analysis of Current Evidence and Methodological Heterogeneity,Panda (2012),22923999,10.2147/DMSO.S32112,quadas2-2011,index_test,low,low,0,quadas2-extract-2026-04-21,2026-04-21 06:57:26
quadas_2,jcm-15-01829,Salivary Glucose Testing for Diabetes Mellitus: A Systematic Review and Meta-Analysis of Current Evidence and Methodological Heterogeneity,Panda (2012),22923999,10.2147/DMSO.S32112,quadas2-2011,patient_selection,low,low,0,quadas2-extract-2026-04-21,2026-04-21 06:57:26
quadas_2,jcm-15-01829,Salivary Glucose Testing for Diabetes Mellitus: A Systematic Review and Meta-Analysis of Current Evidence and Methodological Heterogeneity,Panda (2012),22923999,10.2147/DMSO.S32112,quadas2-2011,reference_standard,low,low,0,quadas2-extract-2026-04-21,2026-04-21 06:57:26
quadas_2,jcm-15-01829,Salivary Glucose Testing for Diabetes Mellitus: A Systematic Review and Meta-Analysis of Current Evidence and Methodological Heterogeneity,Ravindran (2015),26155572,10.7860/JCDR/2015/11633.5971,quadas2-2011,flow_and_timing,low,low,0,quadas2-extract-2026-04-21,2026-04-21 06:57:26
quadas_2,jcm-15-01829,Salivary Glucose Testing for Diabetes Mellitus: A Systematic Review and Meta-Analysis of Current Evidence and Methodological Heterogeneity,Ravindran (2015),26155572,10.7860/JCDR/2015/11633.5971,quadas2-2011,index_test,low,low,0,quadas2-extract-2026-04-21,2026-04-21 06:57:26
quadas_2,jcm-15-01829,Salivary Glucose Testing for Diabetes Mellitus: A Systematic Review and Meta-Analysis of Current Evidence and Methodological Heterogeneity,Ravindran (2015),26155572,10.7860/JCDR/2015/11633.5971,quadas2-2011,patient_selection,low,low,0,quadas2-extract-2026-04-21,2026-04-21 06:57:26
quadas_2,jcm-15-01829,Salivary Glucose Testing for Diabetes Mellitus: A Systematic Review and Meta-Analysis of Current Evidence and Methodological Heterogeneity,Ravindran (2015),26155572,10.7860/JCDR/2015/11633.5971,quadas2-2011,reference_standard,low,low,0,quadas2-extract-2026-04-21,2026-04-21 06:57:26
quadas_2,jcm-15-01829,Salivary Glucose Testing for Diabetes Mellitus: A Systematic Review and Meta-Analysis of Current Evidence and Methodological Heterogeneity,Shahbaz (2014),25307901,10.4103/0970-9290.142512,quadas2-2011,flow_and_timing,low,low,0,quadas2-extract-2026-04-21,2026-04-21 06:57:26
quadas_2,jcm-15-01829,Salivary Glucose Testing for Diabetes Mellitus: A Systematic Review and Meta-Analysis of Current Evidence and Methodological Heterogeneity,Shahbaz (2014),25307901,10.4103/0970-9290.142512,quadas2-2011,index_test,low,low,0,quadas2-extract-2026-04-21,2026-04-21 06:57:26
quadas_2,jcm-15-01829,Salivary Glucose Testing for Diabetes Mellitus: A Systematic Review and Meta-Analysis of Current Evidence and Methodological Heterogeneity,Shahbaz (2014),25307901,10.4103/0970-9290.142512,quadas2-2011,patient_selection,low,low,0,quadas2-extract-2026-04-21,2026-04-21 06:57:26
quadas_2,jcm-15-01829,Salivary Glucose Testing for Diabetes Mellitus: A Systematic Review and Meta-Analysis of Current Evidence and Methodological Heterogeneity,Shahbaz (2014),25307901,10.4103/0970-9290.142512,quadas2-2011,reference_standard,low,low,0,quadas2-extract-2026-04-21,2026-04-21 06:57:26
quadas_2,jcm-15-01829,Salivary Glucose Testing for Diabetes Mellitus: A Systematic Review and Meta-Analysis of Current Evidence and Methodological Heterogeneity,Wang (2017),28251153,10.1155/2017/2569707,quadas2-2011,flow_and_timing,low,low,0,quadas2-extract-2026-04-21,2026-04-21 06:57:26
quadas_2,jcm-15-01829,Salivary Glucose Testing for Diabetes Mellitus: A Systematic Review and Meta-Analysis of Current Evidence and Methodological Heterogeneity,Wang (2017),28251153,10.1155/2017/2569707,quadas2-2011,index_test,low,low,0,quadas2-extract-2026-04-21,2026-04-21 06:57:26
quadas_2,jcm-15-01829,Salivary Glucose Testing for Diabetes Mellitus: A Systematic Review and Meta-Analysis of Current Evidence and Methodological Heterogeneity,Wang (2017),28251153,10.1155/2017/2569707,quadas2-2011,patient_selection,low,low,0,quadas2-extract-2026-04-21,2026-04-21 06:57:26
quadas_2,jcm-15-01829,Salivary Glucose Testing for Diabetes Mellitus: A Systematic Review and Meta-Analysis of Current Evidence and Methodological Heterogeneity,Wang (2017),28251153,10.1155/2017/2569707,quadas2-2011,reference_standard,low,low,0,quadas2-extract-2026-04-21,2026-04-21 06:57:26
